Workbook

Sheet 펌프동력 계산기
A1: 주유소 배관 시스템 — 펌프 전력 계산기 (디스펜서 4대 동시 운전)
A2: 노란 셀(노즐 유속)을 바꾸면 펌프 전력이 자동 재계산됩니다. ※파란 글씨=입력값, 검정=수식
A4: ■ 입력값 (수정 가능)
A5: 노즐 유속 u_n | B5: 1.241 | C5: m/s | D5: ◄ 이 값을 바꾸세요
A6: 액체 밀도 ρ | B6: 702 | C6: kg/m³ | D6: 휘발유 15°C
A7: 액체 점도 μ | B7: 0.0006 | C7: Pa·s | D7: 0.6 mPa·s
A8: 중력가속도 g | B8: 9.81 | C8: m/s²
A9: 펌프 효율 η | B9: 0.4 | C9: - | D9: SK 주유소
A10: 매설관 내경 D_b | B10: 0.0508 | C10: m | D10: 2 inch
A11: 노즐·디스펜서 내경 D_n | B11: 0.017 | C11: m | D11: 17 mm
A12: 관 조도 ε | B12: 1.5e-06 | C12: m | D12: HDPE 0.0015 mm
A13: 급축소 계수 K_c | B13: 0.5 | C13: - | D13: 2"->17mm
A14: 순 양정 Δz | B14: 1.1 | C14: m | D14: 탱크액면 -> 토출
A15: 레이놀즈 수, Re | B15: =B6*B11*B5/B7 -> 24683.49 | C15: [-]
A16: ■ 기준 유량
A17: 노즐 단면적 A_n | B17: =PI()*B11^2/4 -> 0.00022698007 | C17: m²
A18: 매설관 단면적 A_b | B18: =PI()*B10^2/4 -> 0.0020268299 | C18: m²
A19: 노즐 1개 유량 Q_n | B19: =B5*B17 -> 0.00028168227 | C19: m³/s
A20: 총 유량 Q_total | B20: =D25*B19 -> 0.0011267291 | C20: m³/s | D20: Pipe A 유량배수 × Q_n
A21: 총 유량 Q_total | B21: =B20*1000 -> 1.1267291 | C21: L/s | D21: 4 × 0.5414
A23: ■ 구간별 마찰손실 (최원거리 경로: A→C→D→디스펜서)
A24: 구간 | B24: 길이 L (m) | C24: 직경 D (m) | D24: 유량배수 | E24: 유속 u (m/s) | F24: Re | G24: f_F | H24: F (J/kg)
A25: Pipe A | B25: 20 | C25: =B10 -> 0.0508 | D25: 4 | E25: =D25*$B$19/(PI()*C25^2/4) -> 0.55590706 | F25: =$B$6*E25*C25/$B$7 -> 33040.892 | G25: =IF(F25<2100,16/F25,(-1.737*LN(0.269*($B$12/C25)-(2.185/F25)*LN(0.269*($B$12/C25)+14.5/F25)))^(-2)) -> 0.005790662 | H25: =2*G25*E25^2*B25/C25 -> 1.409058
A26: Pipe C | B26: 5 | C26: =B10 -> 0.0508 | D26: 2 | E26: =D26*$B$19/(PI()*C26^2/4) -> 0.27795353 | F26: =$B$6*E26*C26/$B$7 -> 16520.446 | G26: =IF(F26<2100,16/F26,(-1.737*LN(0.269*($B$12/C26)-(2.185/F26)*LN(0.269*($B$12/C26)+14.5/F26)))^(-2)) -> 0.0068181392 | H26: =2*G26*E26^2*B26/C26 -> 0.10369231
A27: Pipe D(4개) | B27: 2.1 | C27: =B10 -> 0.0508 | D27: 1 | E27: =D27*$B$19/(PI()*C27^2/4) -> 0.13897677 | F27: =$B$6*E27*C27/$B$7 -> 8260.223 | G27: =IF(F27<2100,16/F27,(-1.737*LN(0.269*($B$12/C27)-(2.185/F27)*LN(0.269*($B$12/C27)+14.5/F27)))^(-2)) -> 0.0081274794 | H27: 0.16
A28: 노즐·디스펜서(4개) | B28: 6.8 | C28: =B11 -> 0.017 | D28: 1 | E28: =D28*$B$19/(PI()*C28^2/4) -> 1.241 | F28: =$B$6*E28*C28/$B$7 -> 24683.49 | G28: =IF(F28<2100,16/F28,(-1.737*LN(0.269*($B$12/C28)-(2.185/F28)*LN(0.269*($B$12/C28)+14.5/F28)))^(-2)) -> 0.0062277029 | H28: 98.12
A30: ■ 손실·수두 합산
A31: 구간 마찰손실 합 ΣF | B31: =SUM(H25:H28) -> 99.79275 | C31: J/kg
A32: 급축소 손실(4개) | B32: 5.68 | C32: J/kg
A33: 출구 속도수두 | B33: =B5^2/2 -> 0.7700405 | C33: J/kg
A34: 위치수두 g·Δz | B34: =B8*B14 -> 10.791 | C34: J/kg
A35: 펌프 일 w_pump | B35: =B31+B32+B33+B34 -> 117.03379 | C35: J/kg
A37: ■ 결과
A38: 펌프 양정 H | B38: =B35/B8 -> 11.93005 | C38: m
A39: 질량유량 ṁ | B39: =B6*B20 -> 0.7909638 | C39: kg/s
A40: 유체 전달동력 P_fluid | B40: =B39*B35 -> 92.569492 | C40: W
A41: 펌프 전력 P_pump | B41: =B40/B9 -> 231.42373 | C41: W | D41: ← 최종 결과

Sheet 유속 스윕
A1: 노즐유속 u_n | B1: Q_total (L/s) | C1: u_A | D1: Re_A | E1: f_A | F1: F_A | G1: u_C | H1: Re_C | I1: f_C | J1: F_C | K1: u_D | L1: Re_D | M1: f_D | N1: F_D | O1: Re_n | P1: f_n | Q1: F_n | R1: 급축소 | S1: 속도수두 | T1: 위치수두 | U1: w_pump | V1: P (W)
A2: 0.05 | B2: ='펌프동력 계산기'!$D$25*(A2*'펌프동력 계산기'!$B$17)*1000 -> 0.045396014 | C2: ='펌프동력 계산기'!$D$25*(A2*'펌프동력 계산기'!$B$17)/'펌프동력 계산기'!$B$18 -> 0.022397545 | D2: ='펌프동력 계산기'!$B$6*C2*'펌프동력 계산기'!$B$10/'펌프동력 계산기'!$B$7 -> 1331.2205 | E2: =IF(D2<2100,16/D2,(-1.737*LN(0.269*'펌프동력 계산기'!$B$12/'펌프동력 계산기'!$B$10-(2.185/D2)*LN(0.269*'펌프동력 계산기'!$B$12/'펌프동력 계산기'!$B$10+14.5/D2)))^(-2)) -> 0.012019046 | F2: =2*E2*C2^2*'펌프동력 계산기'!$B$25/'펌프동력 계산기'!$B$10 -> 0.0047475233 | G2: ='펌프동력 계산기'!$D$26*(A2*'펌프동력 계산기'!$B$17)/'펌프동력 계산기'!$B$18 -> 0.011198772 | H2: ='펌프동력 계산기'!$B$6*G2*'펌프동력 계산기'!$B$10/'펌프동력 계산기'!$B$7 -> 665.61024 | I2: =IF(H2<2100,16/H2,(-1.737*LN(0.269*'펌프동력 계산기'!$B$12/'펌프동력 계산기'!$B$10-(2.185/H2)*LN(0.269*'펌프동력 계산기'!$B$12/'펌프동력 계산기'!$B$10+14.5/H2)))^(-2)) -> 0.024038092 | J2: =2*I2*G2^2*'펌프동력 계산기'!$B$26/'펌프동력 계산기'!$B$10 -> 0.00059344041 | K2: ='펌프동력 계산기'!$D$27*(A2*'펌프동력 계산기'!$B$17)/'펌프동력 계산기'!$B$18 -> 0.0055993862 | L2: ='펌프동력 계산기'!$B$6*K2*'펌프동력 계산기'!$B$10/'펌프동력 계산기'!$B$7 -> 332.80512 | M2: =IF(L2<2100,16/L2,(-1.737*LN(0.269*'펌프동력 계산기'!$B$12/'펌프동력 계산기'!$B$10-(2.185/L2)*LN(0.269*'펌프동력 계산기'!$B$12/'펌프동력 계산기'!$B$10+14.5/L2)))^(-2)) -> 0.048076184 | N2: =2*M2*K2^2*'펌프동력 계산기'!$B$27/'펌프동력 계산기'!$B$10 -> 0.00012462249 | O2: ='펌프동력 계산기'!$B$6*A2*'펌프동력 계산기'!$B$11/'펌프동력 계산기'!$B$7 -> 994.5 | P2: =IF(O2<2100,16/O2,(-1.737*LN(0.269*'펌프동력 계산기'!$B$12/'펌프동력 계산기'!$B$11-(2.185/O2)*LN(0.269*'펌프동력 계산기'!$B$12/'펌프동력 계산기'!$B$11+14.5/O2)))^(-2)) -> 0.016088487 | Q2: =2*P2*A2^2*'펌프동력 계산기'!$B$28/'펌프동력 계산기'!$B$11 -> 0.032176973 | R2: ='펌프동력 계산기'!$B$13*A2^2/2 -> 0.000625 | S2: =A2^2/2 -> 0.00125 | T2: ='펌프동력 계산기'!$B$8*'펌프동력 계산기'!$B$14 -> 10.791 | U2: =F2+J2+'펌프동력 계산기'!$H$27+'펌프동력 계산기'!$H$28+'펌프동력 계산기'!$B$32+S2+T2 -> 114.75759 | V2: ='펌프동력 계산기'!$B$6*('펌프동력 계산기'!$D$25*(A2*'펌프동력 계산기'!$B$17))*U2/'펌프동력 계산기'!$B$9 -> 9.1427378
A3: 0.1 | B3: ='펌프동력 계산기'!$D$25*(A3*'펌프동력 계산기'!$B$17)*1000 -> 0.090792028 | C3: ='펌프동력 계산기'!$D$25*(A3*'펌프동력 계산기'!$B$17)/'펌프동력 계산기'!$B$18 -> 0.04479509 | D3: ='펌프동력 계산기'!$B$6*C3*'펌프동력 계산기'!$B$10/'펌프동력 계산기'!$B$7 -> 2662.4409 | E3: =IF(D3<2100,16/D3,(-1.737*LN(0.269*'펌프동력 계산기'!$B$12/'펌프동력 계산기'!$B$10-(2.185/D3)*LN(0.269*'펌프동력 계산기'!$B$12/'펌프동력 계산기'!$B$10+14.5/D3)))^(-2)) -> 0.011147572 | F3: =2*E3*C3^2*'펌프동력 계산기'!$B$25/'펌프동력 계산기'!$B$10 -> 0.017613165 | G3: ='펌프동력 계산기'!$D$26*(A3*'펌프동력 계산기'!$B$17)/'펌프동력 계산기'!$B$18 -> 0.022397545 | H3: ='펌프동력 계산기'!$B$6*G3*'펌프동력 계산기'!$B$10/'펌프동력 계산기'!$B$7 -> 1331.2205 | I3: =IF(H3<2100,16/H3,(-1.737*LN(0.269*'펌프동력 계산기'!$B$12/'펌프동력 계산기'!$B$10-(2.185/H3)*LN(0.269*'펌프동력 계산기'!$B$12/'펌프동력 계산기'!$B$10+14.5/H3)))^(-2)) -> 0.012019046 | J3: =2*I3*G3^2*'펌프동력 계산기'!$B$26/'펌프동력 계산기'!$B$10 -> 0.0011868808 | K3: ='펌프동력 계산기'!$D$27*(A3*'펌프동력 계산기'!$B$17)/'펌프동력 계산기'!$B$18 -> 0.011198772 | L3: ='펌프동력 계산기'!$B$6*K3*'펌프동력 계산기'!$B$10/'펌프동력 계산기'!$B$7 -> 665.61024 | M3: =IF(L3<2100,16/L3,(-1.737*LN(0.269*'펌프동력 계산기'!$B$12/'펌프동력 계산기'!$B$10-(2.185/L3)*LN(0.269*'펌프동력 계산기'!$B$12/'펌프동력 계산기'!$B$10+14.5/L3)))^(-2)) -> 0.024038092 | N3: =2*M3*K3^2*'펌프동력 계산기'!$B$27/'펌프동력 계산기'!$B$10 -> 0.00024924497 | O3: ='펌프동력 계산기'!$B$6*A3*'펌프동력 계산기'!$B$11/'펌프동력 계산기'!$B$7 -> 1989 | P3: =IF(O3<2100,16/O3,(-1.737*LN(0.269*'펌프동력 계산기'!$B$12/'펌프동력 계산기'!$B$11-(2.185/O3)*LN(0.269*'펌프동력 계산기'!$B$12/'펌프동력 계산기'!$B$11+14.5/O3)))^(-2)) -> 0.0080442433 | Q3: =2*P3*A3^2*'펌프동력 계산기'!$B$28/'펌프동력 계산기'!$B$11 -> 0.064353947 | R3: ='펌프동력 계산기'!$B$13*A3^2/2 -> 0.0025 | S3: =A3^2/2 -> 0.005 | T3: ='펌프동력 계산기'!$B$8*'펌프동력 계산기'!$B$14 -> 10.791 | U3: =F3+J3+'펌프동력 계산기'!$H$27+'펌프동력 계산기'!$H$28+'펌프동력 계산기'!$B$32+S3+T3 -> 114.7748 | V3: ='펌프동력 계산기'!$B$6*('펌프동력 계산기'!$D$25*(A3*'펌프동력 계산기'!$B$17))*U3/'펌프동력 계산기'!$B$9 -> 18.288218
A4: 0.15 | B4: ='펌프동력 계산기'!$D$25*(A4*'펌프동력 계산기'!$B$17)*1000 -> 0.13618804 | C4: ='펌프동력 계산기'!$D$25*(A4*'펌프동력 계산기'!$B$17)/'펌프동력 계산기'!$B$18 -> 0.067192634 | D4: ='펌프동력 계산기'!$B$6*C4*'펌프동력 계산기'!$B$10/'펌프동력 계산기'!$B$7 -> 3993.6614 | E4: =IF(D4<2100,16/D4,(-1.737*LN(0.269*'펌프동력 계산기'!$B$12/'펌프동력 계산기'!$B$10-(2.185/D4)*LN(0.269*'펌프동력 계산기'!$B$12/'펌프동력 계산기'!$B$10+14.5/D4)))^(-2)) -> 0.0099117545 | F4: =2*E4*C4^2*'펌프동력 계산기'!$B$25/'펌프동력 계산기'!$B$10 -> 0.035236288 | G4: ='펌프동력 계산기'!$D$26*(A4*'펌프동력 계산기'!$B$17)/'펌프동력 계산기'!$B$18 -> 0.033596317 | H4: ='펌프동력 계산기'!$B$6*G4*'펌프동력 계산기'!$B$10/'펌프동력 계산기'!$B$7 -> 1996.8307 | I4: =IF(H4<2100,16/H4,(-1.737*LN(0.269*'펌프동력 계산기'!$B$12/'펌프동력 계산기'!$B$10-(2.185/H4)*LN(0.269*'펌프동력 계산기'!$B$12/'펌프동력 계산기'!$B$10+14.5/H4)))^(-2)) -> 0.0080126973 | J4: =2*I4*G4^2*'펌프동력 계산기'!$B$26/'펌프동력 계산기'!$B$10 -> 0.0017803212 | K4: ='펌프동력 계산기'!$D$27*(A4*'펌프동력 계산기'!$B$17)/'펌프동력 계산기'!$B$18 -> 0.016798159 | L4: ='펌프동력 계산기'!$B$6*K4*'펌프동력 계산기'!$B$10/'펌프동력 계산기'!$B$7 -> 998.41535 | M4: =IF(L4<2100,16/L4,(-1.737*LN(0.269*'펌프동력 계산기'!$B$12/'펌프동력 계산기'!$B$10-(2.185/L4)*LN(0.269*'펌프동력 계산기'!$B$12/'펌프동력 계산기'!$B$10+14.5/L4)))^(-2)) -> 0.016025395 | N4: =2*M4*K4^2*'펌프동력 계산기'!$B$27/'펌프동력 계산기'!$B$10 -> 0.00037386746 | O4: ='펌프동력 계산기'!$B$6*A4*'펌프동력 계산기'!$B$11/'펌프동력 계산기'!$B$7 -> 2983.5 | P4: =IF(O4<2100,16/O4,(-1.737*LN(0.269*'펌프동력 계산기'!$B$12/'펌프동력 계산기'!$B$11-(2.185/O4)*LN(0.269*'펌프동력 계산기'!$B$12/'펌프동력 계산기'!$B$11+14.5/O4)))^(-2)) -> 0.010793681 | Q4: =2*P4*A4^2*'펌프동력 계산기'!$B$28/'펌프동력 계산기'!$B$11 -> 0.19428626 | R4: ='펌프동력 계산기'!$B$13*A4^2/2 -> 0.005625 | S4: =A4^2/2 -> 0.01125 | T4: ='펌프동력 계산기'!$B$8*'펌프동력 계산기'!$B$14 -> 10.791 | U4: =F4+J4+'펌프동력 계산기'!$H$27+'펌프동력 계산기'!$H$28+'펌프동력 계산기'!$B$32+S4+T4 -> 114.79927 | V4: ='펌프동력 계산기'!$B$6*('펌프동력 계산기'!$D$25*(A4*'펌프동력 계산기'!$B$17))*U4/'펌프동력 계산기'!$B$9 -> 27.438174
A5: 0.2 | B5: ='펌프동력 계산기'!$D$25*(A5*'펌프동력 계산기'!$B$17)*1000 -> 0.18158406 | C5: ='펌프동력 계산기'!$D$25*(A5*'펌프동력 계산기'!$B$17)/'펌프동력 계산기'!$B$18 -> 0.089590179 | D5: ='펌프동력 계산기'!$B$6*C5*'펌프동력 계산기'!$B$10/'펌프동력 계산기'!$B$7 -> 5324.8819 | E5: =IF(D5<2100,16/D5,(-1.737*LN(0.269*'펌프동력 계산기'!$B$12/'펌프동력 계산기'!$B$10-(2.185/D5)*LN(0.269*'펌프동력 계산기'!$B$12/'펌프동력 계산기'!$B$10+14.5/D5)))^(-2)) -> 0.0091461633 | F5: =2*E5*C5^2*'펌프동력 계산기'!$B$25/'펌프동력 계산기'!$B$10 -> 0.057803753 | G5: ='펌프동력 계산기'!$D$26*(A5*'펌프동력 계산기'!$B$17)/'펌프동력 계산기'!$B$18 -> 0.04479509 | H5: ='펌프동력 계산기'!$B$6*G5*'펌프동력 계산기'!$B$10/'펌프동력 계산기'!$B$7 -> 2662.4409 | I5: =IF(H5<2100,16/H5,(-1.737*LN(0.269*'펌프동력 계산기'!$B$12/'펌프동력 계산기'!$B$10-(2.185/H5)*LN(0.269*'펌프동력 계산기'!$B$12/'펌프동력 계산기'!$B$10+14.5/H5)))^(-2)) -> 0.011147572 | J5: =2*I5*G5^2*'펌프동력 계산기'!$B$26/'펌프동력 계산기'!$B$10 -> 0.0044032912 | K5: ='펌프동력 계산기'!$D$27*(A5*'펌프동력 계산기'!$B$17)/'펌프동력 계산기'!$B$18 -> 0.022397545 | L5: ='펌프동력 계산기'!$B$6*K5*'펌프동력 계산기'!$B$10/'펌프동력 계산기'!$B$7 -> 1331.2205 | M5: =IF(L5<2100,16/L5,(-1.737*LN(0.269*'펌프동력 계산기'!$B$12/'펌프동력 계산기'!$B$10-(2.185/L5)*LN(0.269*'펌프동력 계산기'!$B$12/'펌프동력 계산기'!$B$10+14.5/L5)))^(-2)) -> 0.012019046 | N5: =2*M5*K5^2*'펌프동력 계산기'!$B$27/'펌프동력 계산기'!$B$10 -> 0.00049848994 | O5: ='펌프동력 계산기'!$B$6*A5*'펌프동력 계산기'!$B$11/'펌프동력 계산기'!$B$7 -> 3978 | P5: =IF(O5<2100,16/O5,(-1.737*LN(0.269*'펌프동력 계산기'!$B$12/'펌프동력 계산기'!$B$11-(2.185/O5)*LN(0.269*'펌프동력 계산기'!$B$12/'펌프동력 계산기'!$B$11+14.5/O5)))^(-2)) -> 0.0099377095 | Q5: =2*P5*A5^2*'펌프동력 계산기'!$B$28/'펌프동력 계산기'!$B$11 -> 0.31800671 | R5: ='펌프동력 계산기'!$B$13*A5^2/2 -> 0.01 | S5: =A5^2/2 -> 0.02 | T5: ='펌프동력 계산기'!$B$8*'펌프동력 계산기'!$B$14 -> 10.791 | U5: =F5+J5+'펌프동력 계산기'!$H$27+'펌프동력 계산기'!$H$28+'펌프동력 계산기'!$B$32+S5+T5 -> 114.83321 | V5: ='펌프동력 계산기'!$B$6*('펌프동력 계산기'!$D$25*(A5*'펌프동력 계산기'!$B$17))*U5/'펌프동력 계산기'!$B$9 -> 36.595048
A6: 0.25 | B6: ='펌프동력 계산기'!$D$25*(A6*'펌프동력 계산기'!$B$17)*1000 -> 0.22698007 | C6: ='펌프동력 계산기'!$D$25*(A6*'펌프동력 계산기'!$B$17)/'펌프동력 계산기'!$B$18 -> 0.11198772 | D6: ='펌프동력 계산기'!$B$6*C6*'펌프동력 계산기'!$B$10/'펌프동력 계산기'!$B$7 -> 6656.1024 | E6: =IF(D6<2100,16/D6,(-1.737*LN(0.269*'펌프동력 계산기'!$B$12/'펌프동력 계산기'!$B$10-(2.185/D6)*LN(0.269*'펌프동력 계산기'!$B$12/'펌프동력 계산기'!$B$10+14.5/D6)))^(-2)) -> 0.0086075372 | F6: =2*E6*C6^2*'펌프동력 계산기'!$B$25/'펌프동력 계산기'!$B$10 -> 0.084999432 | G6: ='펌프동력 계산기'!$D$26*(A6*'펌프동력 계산기'!$B$17)/'펌프동력 계산기'!$B$18 -> 0.055993862 | H6: ='펌프동력 계산기'!$B$6*G6*'펌프동력 계산기'!$B$10/'펌프동력 계산기'!$B$7 -> 3328.0512 | I6: =IF(H6<2100,16/H6,(-1.737*LN(0.269*'펌프동력 계산기'!$B$12/'펌프동력 계산기'!$B$10-(2.185/H6)*LN(0.269*'펌프동력 계산기'!$B$12/'펌프동력 계산기'!$B$10+14.5/H6)))^(-2)) -> 0.010443091 | J6: =2*I6*G6^2*'펌프동력 계산기'!$B$26/'펌프동력 계산기'!$B$10 -> 0.0064453455 | K6: ='펌프동력 계산기'!$D$27*(A6*'펌프동력 계산기'!$B$17)/'펌프동력 계산기'!$B$18 -> 0.027996931 | L6: ='펌프동력 계산기'!$B$6*K6*'펌프동력 계산기'!$B$10/'펌프동력 계산기'!$B$7 -> 1664.0256 | M6: =IF(L6<2100,16/L6,(-1.737*LN(0.269*'펌프동력 계산기'!$B$12/'펌프동력 계산기'!$B$10-(2.185/L6)*LN(0.269*'펌프동력 계산기'!$B$12/'펌프동력 계산기'!$B$10+14.5/L6)))^(-2)) -> 0.0096152367 | N6: =2*M6*K6^2*'펌프동력 계산기'!$B$27/'펌프동력 계산기'!$B$10 -> 0.00062311243 | O6: ='펌프동력 계산기'!$B$6*A6*'펌프동력 계산기'!$B$11/'펌프동력 계산기'!$B$7 -> 4972.5 | P6: =IF(O6<2100,16/O6,(-1.737*LN(0.269*'펌프동력 계산기'!$B$12/'펌프동력 계산기'!$B$11-(2.185/O6)*LN(0.269*'펌프동력 계산기'!$B$12/'펌프동력 계산기'!$B$11+14.5/O6)))^(-2)) -> 0.0093370762 | Q6: =2*P6*A6^2*'펌프동력 계산기'!$B$28/'펌프동력 계산기'!$B$11 -> 0.46685381 | R6: ='펌프동력 계산기'!$B$13*A6^2/2 -> 0.015625 | S6: =A6^2/2 -> 0.03125 | T6: ='펌프동력 계산기'!$B$8*'펌프동력 계산기'!$B$14 -> 10.791 | U6: =F6+J6+'펌프동력 계산기'!$H$27+'펌프동력 계산기'!$H$28+'펌프동력 계산기'!$B$32+S6+T6 -> 114.87369 | V6: ='펌프동력 계산기'!$B$6*('펌프동력 계산기'!$D$25*(A6*'펌프동력 계산기'!$B$17))*U6/'펌프동력 계산기'!$B$9 -> 45.759939
A7: 0.3 | B7: ='펌프동력 계산기'!$D$25*(A7*'펌프동력 계산기'!$B$17)*1000 -> 0.27237608 | C7: ='펌프동력 계산기'!$D$25*(A7*'펌프동력 계산기'!$B$17)/'펌프동력 계산기'!$B$18 -> 0.13438527 | D7: ='펌프동력 계산기'!$B$6*C7*'펌프동력 계산기'!$B$10/'펌프동력 계산기'!$B$7 -> 7987.3228 | E7: =IF(D7<2100,16/D7,(-1.737*LN(0.269*'펌프동력 계산기'!$B$12/'펌프동력 계산기'!$B$10-(2.185/D7)*LN(0.269*'펌프동력 계산기'!$B$12/'펌프동력 계산기'!$B$10+14.5/D7)))^(-2)) -> 0.0081996755 | F7: =2*E7*C7^2*'펌프동력 계산기'!$B$25/'펌프동력 계산기'!$B$10 -> 0.11659939 | G7: ='펌프동력 계산기'!$D$26*(A7*'펌프동력 계산기'!$B$17)/'펌프동력 계산기'!$B$18 -> 0.067192634 | H7: ='펌프동력 계산기'!$B$6*G7*'펌프동력 계산기'!$B$10/'펌프동력 계산기'!$B$7 -> 3993.6614 | I7: =IF(H7<2100,16/H7,(-1.737*LN(0.269*'펌프동력 계산기'!$B$12/'펌프동력 계산기'!$B$10-(2.185/H7)*LN(0.269*'펌프동력 계산기'!$B$12/'펌프동력 계산기'!$B$10+14.5/H7)))^(-2)) -> 0.0099117545 | J7: =2*I7*G7^2*'펌프동력 계산기'!$B$26/'펌프동력 계산기'!$B$10 -> 0.008809072 | K7: ='펌프동력 계산기'!$D$27*(A7*'펌프동력 계산기'!$B$17)/'펌프동력 계산기'!$B$18 -> 0.033596317 | L7: ='펌프동력 계산기'!$B$6*K7*'펌프동력 계산기'!$B$10/'펌프동력 계산기'!$B$7 -> 1996.8307 | M7: =IF(L7<2100,16/L7,(-1.737*LN(0.269*'펌프동력 계산기'!$B$12/'펌프동력 계산기'!$B$10-(2.185/L7)*LN(0.269*'펌프동력 계산기'!$B$12/'펌프동력 계산기'!$B$10+14.5/L7)))^(-2)) -> 0.0080126973 | N7: =2*M7*K7^2*'펌프동력 계산기'!$B$27/'펌프동력 계산기'!$B$10 -> 0.00074773491 | O7: ='펌프동력 계산기'!$B$6*A7*'펌프동력 계산기'!$B$11/'펌프동력 계산기'!$B$7 -> 5967 | P7: =IF(O7<2100,16/O7,(-1.737*LN(0.269*'펌프동력 계산기'!$B$12/'펌프동력 계산기'!$B$11-(2.185/O7)*LN(0.269*'펌프동력 계산기'!$B$12/'펌프동력 계산기'!$B$11+14.5/O7)))^(-2)) -> 0.0088832612 | Q7: =2*P7*A7^2*'펌프동력 계산기'!$B$28/'펌프동력 계산기'!$B$11 -> 0.63959481 | R7: ='펌프동력 계산기'!$B$13*A7^2/2 -> 0.0225 | S7: =A7^2/2 -> 0.045 | T7: ='펌프동력 계산기'!$B$8*'펌프동력 계산기'!$B$14 -> 10.791 | U7: =F7+J7+'펌프동력 계산기'!$H$27+'펌프동력 계산기'!$H$28+'펌프동력 계산기'!$B$32+S7+T7 -> 114.92141 | V7: ='펌프동력 계산기'!$B$6*('펌프동력 계산기'!$D$25*(A7*'펌프동력 계산기'!$B$17))*U7/'펌프동력 계산기'!$B$9 -> 54.934735
A8: 0.35 | B8: ='펌프동력 계산기'!$D$25*(A8*'펌프동력 계산기'!$B$17)*1000 -> 0.3177721 | C8: ='펌프동력 계산기'!$D$25*(A8*'펌프동력 계산기'!$B$17)/'펌프동력 계산기'!$B$18 -> 0.15678281 | D8: ='펌프동력 계산기'!$B$6*C8*'펌프동력 계산기'!$B$10/'펌프동력 계산기'!$B$7 -> 9318.5433 | E8: =IF(D8<2100,16/D8,(-1.737*LN(0.269*'펌프동력 계산기'!$B$12/'펌프동력 계산기'!$B$10-(2.185/D8)*LN(0.269*'펌프동력 계산기'!$B$12/'펌프동력 계산기'!$B$10+14.5/D8)))^(-2)) -> 0.007875624 | F8: =2*E8*C8^2*'펌프동력 계산기'!$B$25/'펌프동력 계산기'!$B$10 -> 0.15243271 | G8: ='펌프동력 계산기'!$D$26*(A8*'펌프동력 계산기'!$B$17)/'펌프동력 계산기'!$B$18 -> 0.078391407 | H8: ='펌프동력 계산기'!$B$6*G8*'펌프동력 계산기'!$B$10/'펌프동력 계산기'!$B$7 -> 4659.2717 | I8: =IF(H8<2100,16/H8,(-1.737*LN(0.269*'펌프동력 계산기'!$B$12/'펌프동력 계산기'!$B$10-(2.185/H8)*LN(0.269*'펌프동력 계산기'!$B$12/'펌프동력 계산기'!$B$10+14.5/H8)))^(-2)) -> 0.0094910039 | J8: =2*I8*G8^2*'펌프동력 계산기'!$B$26/'펌프동력 계산기'!$B$10 -> 0.011481149 | K8: ='펌프동력 계산기'!$D$27*(A8*'펌프동력 계산기'!$B$17)/'펌프동력 계산기'!$B$18 -> 0.039195703 | L8: ='펌프동력 계산기'!$B$6*K8*'펌프동력 계산기'!$B$10/'펌프동력 계산기'!$B$7 -> 2329.6358 | M8: =IF(L8<2100,16/L8,(-1.737*LN(0.269*'펌프동력 계산기'!$B$12/'펌프동력 계산기'!$B$10-(2.185/L8)*LN(0.269*'펌프동력 계산기'!$B$12/'펌프동력 계산기'!$B$10+14.5/L8)))^(-2)) -> 0.01160013 | N8: =2*M8*K8^2*'펌프동력 계산기'!$B$27/'펌프동력 계산기'!$B$10 -> 0.0014734159 | O8: ='펌프동력 계산기'!$B$6*A8*'펌프동력 계산기'!$B$11/'펌프동력 계산기'!$B$7 -> 6961.5 | P8: =IF(O8<2100,16/O8,(-1.737*LN(0.269*'펌프동력 계산기'!$B$12/'펌프동력 계산기'!$B$11-(2.185/O8)*LN(0.269*'펌프동력 계산기'!$B$12/'펌프동력 계산기'!$B$11+14.5/O8)))^(-2)) -> 0.0085233852 | Q8: =2*P8*A8^2*'펌프동력 계산기'!$B$28/'펌프동력 계산기'!$B$11 -> 0.83529175 | R8: ='펌프동력 계산기'!$B$13*A8^2/2 -> 0.030625 | S8: =A8^2/2 -> 0.06125 | T8: ='펌프동력 계산기'!$B$8*'펌프동력 계산기'!$B$14 -> 10.791 | U8: =F8+J8+'펌프동력 계산기'!$H$27+'펌프동력 계산기'!$H$28+'펌프동력 계산기'!$B$32+S8+T8 -> 114.97616 | V8: ='펌프동력 계산기'!$B$6*('펌프동력 계산기'!$D$25*(A8*'펌프동력 계산기'!$B$17))*U8/'펌프동력 계산기'!$B$9 -> 64.12106
A9: 0.4 | B9: ='펌프동력 계산기'!$D$25*(A9*'펌프동력 계산기'!$B$17)*1000 -> 0.36316811 | C9: ='펌프동력 계산기'!$D$25*(A9*'펌프동력 계산기'!$B$17)/'펌프동력 계산기'!$B$18 -> 0.17918036 | D9: ='펌프동력 계산기'!$B$6*C9*'펌프동력 계산기'!$B$10/'펌프동력 계산기'!$B$7 -> 10649.764 | E9: =IF(D9<2100,16/D9,(-1.737*LN(0.269*'펌프동력 계산기'!$B$12/'펌프동력 계산기'!$B$10-(2.185/D9)*LN(0.269*'펌프동력 계산기'!$B$12/'펌프동력 계산기'!$B$10+14.5/D9)))^(-2)) -> 0.0076092786 | F9: =2*E9*C9^2*'펌프동력 계산기'!$B$25/'펌프동력 계산기'!$B$10 -> 0.19236257 | G9: ='펌프동력 계산기'!$D$26*(A9*'펌프동력 계산기'!$B$17)/'펌프동력 계산기'!$B$18 -> 0.089590179 | H9: ='펌프동력 계산기'!$B$6*G9*'펌프동력 계산기'!$B$10/'펌프동력 계산기'!$B$7 -> 5324.8819 | I9: =IF(H9<2100,16/H9,(-1.737*LN(0.269*'펌프동력 계산기'!$B$12/'펌프동력 계산기'!$B$10-(2.185/H9)*LN(0.269*'펌프동력 계산기'!$B$12/'펌프동력 계산기'!$B$10+14.5/H9)))^(-2)) -> 0.0091461633 | J9: =2*I9*G9^2*'펌프동력 계산기'!$B$26/'펌프동력 계산기'!$B$10 -> 0.014450938 | K9: ='펌프동력 계산기'!$D$27*(A9*'펌프동력 계산기'!$B$17)/'펌프동력 계산기'!$B$18 -> 0.04479509 | L9: ='펌프동력 계산기'!$B$6*K9*'펌프동력 계산기'!$B$10/'펌프동력 계산기'!$B$7 -> 2662.4409 | M9: =IF(L9<2100,16/L9,(-1.737*LN(0.269*'펌프동력 계산기'!$B$12/'펌프동력 계산기'!$B$10-(2.185/L9)*LN(0.269*'펌프동력 계산기'!$B$12/'펌프동력 계산기'!$B$10+14.5/L9)))^(-2)) -> 0.011147572 | N9: =2*M9*K9^2*'펌프동력 계산기'!$B$27/'펌프동력 계산기'!$B$10 -> 0.0018493823 | O9: ='펌프동력 계산기'!$B$6*A9*'펌프동력 계산기'!$B$11/'펌프동력 계산기'!$B$7 -> 7956 | P9: =IF(O9<2100,16/O9,(-1.737*LN(0.269*'펌프동력 계산기'!$B$12/'펌프동력 계산기'!$B$11-(2.185/O9)*LN(0.269*'펌프동력 계산기'!$B$12/'펌프동력 계산기'!$B$11+14.5/O9)))^(-2)) -> 0.0082280933 | Q9: =2*P9*A9^2*'펌프동력 계산기'!$B$28/'펌프동력 계산기'!$B$11 -> 1.0531959 | R9: ='펌프동력 계산기'!$B$13*A9^2/2 -> 0.04 | S9: =A9^2/2 -> 0.08 | T9: ='펌프동력 계산기'!$B$8*'펌프동력 계산기'!$B$14 -> 10.791 | U9: =F9+J9+'펌프동력 계산기'!$H$27+'펌프동력 계산기'!$H$28+'펌프동력 계산기'!$B$32+S9+T9 -> 115.03781 | V9: ='펌프동력 계산기'!$B$6*('펌프동력 계산기'!$D$25*(A9*'펌프동력 계산기'!$B$17))*U9/'펌프동력 계산기'!$B$9 -> 73.320505
A10: 0.45 | B10: ='펌프동력 계산기'!$D$25*(A10*'펌프동력 계산기'!$B$17)*1000 -> 0.40856412 | C10: ='펌프동력 계산기'!$D$25*(A10*'펌프동력 계산기'!$B$17)/'펌프동력 계산기'!$B$18 -> 0.2015779 | D10: ='펌프동력 계산기'!$B$6*C10*'펌프동력 계산기'!$B$10/'펌프동력 계산기'!$B$7 -> 11980.984 | E10: =IF(D10<2100,16/D10,(-1.737*LN(0.269*'펌프동력 계산기'!$B$12/'펌프동력 계산기'!$B$10-(2.185/D10)*LN(0.269*'펌프동력 계산기'!$B$12/'펌프동력 계산기'!$B$10+14.5/D10)))^(-2)) -> 0.0073847715 | F10: =2*E10*C10^2*'펌프동력 계산기'!$B$25/'펌프동력 계산기'!$B$10 -> 0.23627577 | G10: ='펌프동력 계산기'!$D$26*(A10*'펌프동력 계산기'!$B$17)/'펌프동력 계산기'!$B$18 -> 0.10078895 | H10: ='펌프동력 계산기'!$B$6*G10*'펌프동력 계산기'!$B$10/'펌프동력 계산기'!$B$7 -> 5990.4921 | I10: =IF(H10<2100,16/H10,(-1.737*LN(0.269*'펌프동력 계산기'!$B$12/'펌프동력 계산기'!$B$10-(2.185/H10)*LN(0.269*'펌프동력 계산기'!$B$12/'펌프동력 계산기'!$B$10+14.5/H10)))^(-2)) -> 0.0088562106 | J10: =2*I10*G10^2*'펌프동력 계산기'!$B$26/'펌프동력 계산기'!$B$10 -> 0.017709654 | K10: ='펌프동력 계산기'!$D$27*(A10*'펌프동력 계산기'!$B$17)/'펌프동력 계산기'!$B$18 -> 0.050394476 | L10: ='펌프동력 계산기'!$B$6*K10*'펌프동력 계산기'!$B$10/'펌프동력 계산기'!$B$7 -> 2995.2461 | M10: =IF(L10<2100,16/L10,(-1.737*LN(0.269*'펌프동력 계산기'!$B$12/'펌프동력 계산기'!$B$10-(2.185/L10)*LN(0.269*'펌프동력 계산기'!$B$12/'펌프동력 계산기'!$B$10+14.5/L10)))^(-2)) -> 0.010767958 | N10: =2*M10*K10^2*'펌프동력 계산기'!$B$27/'펌프동력 계산기'!$B$10 -> 0.002260918 | O10: ='펌프동력 계산기'!$B$6*A10*'펌프동력 계산기'!$B$11/'펌프동력 계산기'!$B$7 -> 8950.5 | P10: =IF(O10<2100,16/O10,(-1.737*LN(0.269*'펌프동력 계산기'!$B$12/'펌프동력 계산기'!$B$11-(2.185/O10)*LN(0.269*'펌프동력 계산기'!$B$12/'펌프동력 계산기'!$B$11+14.5/O10)))^(-2)) -> 0.0079795648 | Q10: =2*P10*A10^2*'펌프동력 계산기'!$B$28/'펌프동력 계산기'!$B$11 -> 1.2926895 | R10: ='펌프동력 계산기'!$B$13*A10^2/2 -> 0.050625 | S10: =A10^2/2 -> 0.10125 | T10: ='펌프동력 계산기'!$B$8*'펌프동력 계산기'!$B$14 -> 10.791 | U10: =F10+J10+'펌프동력 계산기'!$H$27+'펌프동력 계산기'!$H$28+'펌프동력 계산기'!$B$32+S10+T10 -> 115.10624 | V10: ='펌프동력 계산기'!$B$6*('펌프동력 계산기'!$D$25*(A10*'펌프동력 계산기'!$B$17))*U10/'펌프동력 계산기'!$B$9 -> 82.534628
A11: 0.5 | B11: ='펌프동력 계산기'!$D$25*(A11*'펌프동력 계산기'!$B$17)*1000 -> 0.45396014 | C11: ='펌프동력 계산기'!$D$25*(A11*'펌프동력 계산기'!$B$17)/'펌프동력 계산기'!$B$18 -> 0.22397545 | D11: ='펌프동력 계산기'!$B$6*C11*'펌프동력 계산기'!$B$10/'펌프동력 계산기'!$B$7 -> 13312.205 | E11: =IF(D11<2100,16/D11,(-1.737*LN(0.269*'펌프동력 계산기'!$B$12/'펌프동력 계산기'!$B$10-(2.185/D11)*LN(0.269*'펌프동력 계산기'!$B$12/'펌프동력 계산기'!$B$10+14.5/D11)))^(-2)) -> 0.0071918053 | F11: =2*E11*C11^2*'펌프동력 계산기'!$B$25/'펌프동력 계산기'!$B$10 -> 0.28407632 | G11: ='펌프동력 계산기'!$D$26*(A11*'펌프동력 계산기'!$B$17)/'펌프동력 계산기'!$B$18 -> 0.11198772 | H11: ='펌프동력 계산기'!$B$6*G11*'펌프동력 계산기'!$B$10/'펌프동력 계산기'!$B$7 -> 6656.1024 | I11: =IF(H11<2100,16/H11,(-1.737*LN(0.269*'펌프동력 계산기'!$B$12/'펌프동력 계산기'!$B$10-(2.185/H11)*LN(0.269*'펌프동력 계산기'!$B$12/'펌프동력 계산기'!$B$10+14.5/H11)))^(-2)) -> 0.0086075372 | J11: =2*I11*G11^2*'펌프동력 계산기'!$B$26/'펌프동력 계산기'!$B$10 -> 0.021249858 | K11: ='펌프동력 계산기'!$D$27*(A11*'펌프동력 계산기'!$B$17)/'펌프동력 계산기'!$B$18 -> 0.055993862 | L11: ='펌프동력 계산기'!$B$6*K11*'펌프동력 계산기'!$B$10/'펌프동력 계산기'!$B$7 -> 3328.0512 | M11: =IF(L11<2100,16/L11,(-1.737*LN(0.269*'펌프동력 계산기'!$B$12/'펌프동력 계산기'!$B$10-(2.185/L11)*LN(0.269*'펌프동력 계산기'!$B$12/'펌프동력 계산기'!$B$10+14.5/L11)))^(-2)) -> 0.010443091 | N11: =2*M11*K11^2*'펌프동력 계산기'!$B$27/'펌프동력 계산기'!$B$10 -> 0.0027070451 | O11: ='펌프동력 계산기'!$B$6*A11*'펌프동력 계산기'!$B$11/'펌프동력 계산기'!$B$7 -> 9945 | P11: =IF(O11<2100,16/O11,(-1.737*LN(0.269*'펌프동력 계산기'!$B$12/'펌프동력 계산기'!$B$11-(2.185/O11)*LN(0.269*'펌프동력 계산기'!$B$12/'펌프동력 계산기'!$B$11+14.5/O11)))^(-2)) -> 0.0077662485 | Q11: =2*P11*A11^2*'펌프동력 계산기'!$B$28/'펌프동력 계산기'!$B$11 -> 1.5532497 | R11: ='펌프동력 계산기'!$B$13*A11^2/2 -> 0.0625 | S11: =A11^2/2 -> 0.125 | T11: ='펌프동력 계산기'!$B$8*'펌프동력 계산기'!$B$14 -> 10.791 | U11: =F11+J11+'펌프동력 계산기'!$H$27+'펌프동력 계산기'!$H$28+'펌프동력 계산기'!$B$32+S11+T11 -> 115.18133 | V11: ='펌프동력 계산기'!$B$6*('펌프동력 계산기'!$D$25*(A11*'펌프동력 계산기'!$B$17))*U11/'펌프동력 계산기'!$B$9 -> 91.764968
A12: 0.55 | B12: ='펌프동력 계산기'!$D$25*(A12*'펌프동력 계산기'!$B$17)*1000 -> 0.49935615 | C12: ='펌프동력 계산기'!$D$25*(A12*'펌프동력 계산기'!$B$17)/'펌프동력 계산기'!$B$18 -> 0.24637299 | D12: ='펌프동력 계산기'!$B$6*C12*'펌프동력 계산기'!$B$10/'펌프동력 계산기'!$B$7 -> 14643.425 | E12: =IF(D12<2100,16/D12,(-1.737*LN(0.269*'펌프동력 계산기'!$B$12/'펌프동력 계산기'!$B$10-(2.185/D12)*LN(0.269*'펌프동력 계산기'!$B$12/'펌프동력 계산기'!$B$10+14.5/D12)))^(-2)) -> 0.007023355 | F12: =2*E12*C12^2*'펌프동력 계산기'!$B$25/'펌프동력 계산기'!$B$10 -> 0.33568126 | G12: ='펌프동력 계산기'!$D$26*(A12*'펌프동력 계산기'!$B$17)/'펌프동력 계산기'!$B$18 -> 0.1231865 | H12: ='펌프동력 계산기'!$B$6*G12*'펌프동력 계산기'!$B$10/'펌프동력 계산기'!$B$7 -> 7321.7126 | I12: =IF(H12<2100,16/H12,(-1.737*LN(0.269*'펌프동력 계산기'!$B$12/'펌프동력 계산기'!$B$10-(2.185/H12)*LN(0.269*'펌프동력 계산기'!$B$12/'펌프동력 계산기'!$B$10+14.5/H12)))^(-2)) -> 0.0083908793 | J12: =2*I12*G12^2*'펌프동력 계산기'!$B$26/'펌프동력 계산기'!$B$10 -> 0.02506513 | K12: ='펌프동력 계산기'!$D$27*(A12*'펌프동력 계산기'!$B$17)/'펌프동력 계산기'!$B$18 -> 0.061593248 | L12: ='펌프동력 계산기'!$B$6*K12*'펌프동력 계산기'!$B$10/'펌프동력 계산기'!$B$7 -> 3660.8563 | M12: =IF(L12<2100,16/L12,(-1.737*LN(0.269*'펌프동력 계산기'!$B$12/'펌프동력 계산기'!$B$10-(2.185/L12)*LN(0.269*'펌프동력 계산기'!$B$12/'펌프동력 계산기'!$B$10+14.5/L12)))^(-2)) -> 0.010160605 | N12: =2*M12*K12^2*'펌프동력 계산기'!$B$27/'펌프동력 계산기'!$B$10 -> 0.0031869215 | O12: ='펌프동력 계산기'!$B$6*A12*'펌프동력 계산기'!$B$11/'펌프동력 계산기'!$B$7 -> 10939.5 | P12: =IF(O12<2100,16/O12,(-1.737*LN(0.269*'펌프동력 계산기'!$B$12/'펌프동력 계산기'!$B$11-(2.185/O12)*LN(0.269*'펌프동력 계산기'!$B$12/'펌프동력 계산기'!$B$11+14.5/O12)))^(-2)) -> 0.0075802725 | Q12: =2*P12*A12^2*'펌프동력 계산기'!$B$28/'펌프동력 계산기'!$B$11 -> 1.8344259 | R12: ='펌프동력 계산기'!$B$13*A12^2/2 -> 0.075625 | S12: =A12^2/2 -> 0.15125 | T12: ='펌프동력 계산기'!$B$8*'펌프동력 계산기'!$B$14 -> 10.791 | U12: =F12+J12+'펌프동력 계산기'!$H$27+'펌프동력 계산기'!$H$28+'펌프동력 계산기'!$B$32+S12+T12 -> 115.263 | V12: ='펌프동력 계산기'!$B$6*('펌프동력 계산기'!$D$25*(A12*'펌프동력 계산기'!$B$17))*U12/'펌프동력 계산기'!$B$9 -> 101.01304
A13: 0.6 | B13: ='펌프동력 계산기'!$D$25*(A13*'펌프동력 계산기'!$B$17)*1000 -> 0.54475217 | C13: ='펌프동력 계산기'!$D$25*(A13*'펌프동력 계산기'!$B$17)/'펌프동력 계산기'!$B$18 -> 0.26877054 | D13: ='펌프동력 계산기'!$B$6*C13*'펌프동력 계산기'!$B$10/'펌프동력 계산기'!$B$7 -> 15974.646 | E13: =IF(D13<2100,16/D13,(-1.737*LN(0.269*'펌프동력 계산기'!$B$12/'펌프동력 계산기'!$B$10-(2.185/D13)*LN(0.269*'펌프동력 계산기'!$B$12/'펌프동력 계산기'!$B$10+14.5/D13)))^(-2)) -> 0.0068744345 | F13: =2*E13*C13^2*'펌프동력 계산기'!$B$25/'펌프동력 계산기'!$B$10 -> 0.39101785 | G13: ='펌프동력 계산기'!$D$26*(A13*'펌프동력 계산기'!$B$17)/'펌프동력 계산기'!$B$18 -> 0.13438527 | H13: ='펌프동력 계산기'!$B$6*G13*'펌프동력 계산기'!$B$10/'펌프동력 계산기'!$B$7 -> 7987.3228 | I13: =IF(H13<2100,16/H13,(-1.737*LN(0.269*'펌프동력 계산기'!$B$12/'펌프동력 계산기'!$B$10-(2.185/H13)*LN(0.269*'펌프동력 계산기'!$B$12/'펌프동력 계산기'!$B$10+14.5/H13)))^(-2)) -> 0.0081996755 | J13: =2*I13*G13^2*'펌프동력 계산기'!$B$26/'펌프동력 계산기'!$B$10 -> 0.029149847 | K13: ='펌프동력 계산기'!$D$27*(A13*'펌프동력 계산기'!$B$17)/'펌프동력 계산기'!$B$18 -> 0.067192634 | L13: ='펌프동력 계산기'!$B$6*K13*'펌프동력 계산기'!$B$10/'펌프동력 계산기'!$B$7 -> 3993.6614 | M13: =IF(L13<2100,16/L13,(-1.737*LN(0.269*'펌프동력 계산기'!$B$12/'펌프동력 계산기'!$B$10-(2.185/L13)*LN(0.269*'펌프동력 계산기'!$B$12/'펌프동력 계산기'!$B$10+14.5/L13)))^(-2)) -> 0.0099117545 | N13: =2*M13*K13^2*'펌프동력 계산기'!$B$27/'펌프동력 계산기'!$B$10 -> 0.0036998103 | O13: ='펌프동력 계산기'!$B$6*A13*'펌프동력 계산기'!$B$11/'펌프동력 계산기'!$B$7 -> 11934 | P13: =IF(O13<2100,16/O13,(-1.737*LN(0.269*'펌프동력 계산기'!$B$12/'펌프동력 계산기'!$B$11-(2.185/O13)*LN(0.269*'펌프동력 계산기'!$B$12/'펌프동력 계산기'!$B$11+14.5/O13)))^(-2)) -> 0.0074160549 | Q13: =2*P13*A13^2*'펌프동력 계산기'!$B$28/'펌프동력 계산기'!$B$11 -> 2.1358238 | R13: ='펌프동력 계산기'!$B$13*A13^2/2 -> 0.09 | S13: =A13^2/2 -> 0.18 | T13: ='펌프동력 계산기'!$B$8*'펌프동력 계산기'!$B$14 -> 10.791 | U13: =F13+J13+'펌프동력 계산기'!$H$27+'펌프동력 계산기'!$H$28+'펌프동력 계산기'!$B$32+S13+T13 -> 115.35117 | V13: ='펌프동력 계산기'!$B$6*('펌프동력 계산기'!$D$25*(A13*'펌프동력 계산기'!$B$17))*U13/'펌프동력 계산기'!$B$9 -> 110.28034
... A49: 2.4 | B49: ='펌프동력 계산기'!$D$25*(A49*'펌프동력 계산기'!$B$17)*1000 -> 2.1790087 | C49: ='펌프동력 계산기'!$D$25*(A49*'펌프동력 계산기'!$B$17)/'펌프동력 계산기'!$B$18 -> 1.0750822 | D49: ='펌프동력 계산기'!$B$6*C49*'펌프동력 계산기'!$B$10/'펌프동력 계산기'!$B$7 -> 63898.583 | E49: =IF(D49<2100,16/D49,(-1.737*LN(0.269*'펌프동력 계산기'!$B$12/'펌프동력 계산기'!$B$10-(2.185/D49)*LN(0.269*'펌프동력 계산기'!$B$12/'펌프동력 계산기'!$B$10+14.5/D49)))^(-2)) -> 0.0050107301 | F49: =2*E49*C49^2*'펌프동력 계산기'!$B$25/'펌프동력 계산기'!$B$10 -> 4.5601654 | G49: ='펌프동력 계산기'!$D$26*(A49*'펌프동력 계산기'!$B$17)/'펌프동력 계산기'!$B$18 -> 0.53754108 | H49: ='펌프동력 계산기'!$B$6*G49*'펌프동력 계산기'!$B$10/'펌프동력 계산기'!$B$7 -> 31949.291 | I49: =IF(H49<2100,16/H49,(-1.737*LN(0.269*'펌프동력 계산기'!$B$12/'펌프동력 계산기'!$B$10-(2.185/H49)*LN(0.269*'펌프동력 계산기'!$B$12/'펌프동력 계산기'!$B$10+14.5/H49)))^(-2)) -> 0.0058351023 | J49: =2*I49*G49^2*'펌프동력 계산기'!$B$26/'펌프동력 계산기'!$B$10 -> 0.33190063 | K49: ='펌프동력 계산기'!$D$27*(A49*'펌프동력 계산기'!$B$17)/'펌프동력 계산기'!$B$18 -> 0.26877054 | L49: ='펌프동력 계산기'!$B$6*K49*'펌프동력 계산기'!$B$10/'펌프동력 계산기'!$B$7 -> 15974.646 | M49: =IF(L49<2100,16/L49,(-1.737*LN(0.269*'펌프동력 계산기'!$B$12/'펌프동력 계산기'!$B$10-(2.185/L49)*LN(0.269*'펌프동력 계산기'!$B$12/'펌프동력 계산기'!$B$10+14.5/L49)))^(-2)) -> 0.0068744345 | N49: =2*M49*K49^2*'펌프동력 계산기'!$B$27/'펌프동력 계산기'!$B$10 -> 0.041056874 | O49: ='펌프동력 계산기'!$B$6*A49*'펌프동력 계산기'!$B$11/'펌프동력 계산기'!$B$7 -> 47736 | P49: =IF(O49<2100,16/O49,(-1.737*LN(0.269*'펌프동력 계산기'!$B$12/'펌프동력 계산기'!$B$11-(2.185/O49)*LN(0.269*'펌프동력 계산기'!$B$12/'펌프동력 계산기'!$B$11+14.5/O49)))^(-2)) -> 0.0053829418 | Q49: =2*P49*A49^2*'펌프동력 계산기'!$B$28/'펌프동력 계산기'!$B$11 -> 24.804596 | R49: ='펌프동력 계산기'!$B$13*A49^2/2 -> 1.44 | S49: =A49^2/2 -> 2.88 | T49: ='펌프동력 계산기'!$B$8*'펌프동력 계산기'!$B$14 -> 10.791 | U49: =F49+J49+'펌프동력 계산기'!$H$27+'펌프동력 계산기'!$H$28+'펌프동력 계산기'!$B$32+S49+T49 -> 122.52307 | V49: ='펌프동력 계산기'!$B$6*('펌프동력 계산기'!$D$25*(A49*'펌프동력 계산기'!$B$17))*U49/'펌프동력 계산기'!$B$9 -> 468.54783
